HTTP,HTTP://218.87.192.183:9999
HTTPS,HTTPS://112.85.130.49:9999
HTTPS,HTTPS://116.209.55.107:9999
HTTP,HTTP://112.87.69.227:9999
HTTP,HTTP://122.193.247.87:9999
HTTP,HTTP://112.87.68.122:9999
HTTP,HTTP://219.138.47.41:9999
HTTPS,HTTPS://171.83.164.152:9999
HTTPS,HTTPS://171.83.164.235:9999
HTTPS,HTTPS://112.87.69.77:9999
HTTPS,HTTPS://171.41.80.191:9999
HTTPS,HTTPS://112.85.130.241:9999
HTTPS,HTTPS://218.87.192.140:9999
HTTPS,HTTPS://111.177.180.35:9999
HTTPS,HTTPS://171.41.82.78:9999
HTTPS,HTTPS://171.41.81.19:9999
HTTP,HTTP://171.41.81.140:9999
HTTPS,HTTPS://171.41.82.177:9999
HTTPS,HTTPS://221.206.100.133:34073
HTTP,HTTP://58.245.17.176:80
HTTPS,HTTPS://110.52.235.59:9999
HTTPS,HTTPS://171.41.81.71:9999
HTTP,HTTP://171.41.81.171:9999
HTTPS,HTTPS://112.85.149.12:9999
HTTP,HTTP://171.41.82.132:9999
HTTPS,HTTPS://171.41.82.43:9999
HTTPS,HTTPS://117.81.224.128:9999
HTTPS,HTTPS://171.41.82.12:9999
HTTPS,HTTPS://116.209.53.68:9999
HTTP,HTTP://112.85.166.18:9999
HTTPS,HTTPS://1.197.204.125:9999
HTTPS,HTTPS://171.41.80.190:9999
HTTP,HTTP://112.85.173.183:9999
HTTP,HTTP://49.86.181.209:9999
HTTP,HTTP://171.41.80.210:9999
HTTP,HTTP://171.41.80.141:9999
HTTP,HTTP://117.91.232.77:9999
HTTP,HTTP://171.41.81.11:9999
HTTP,HTTP://112.85.130.227:9999
HTTPS,HTTPS://112.85.164.211:9999
HTTP,HTTP://58.50.3.28:9999
HTTP,HTTP://171.80.3.226:9999
HTTP,HTTP://111.226.211.24:8118
HTTPS,HTTPS://112.85.164.234:9999
HTTP,HTTP://183.148.157.22:9999
HTTP,HTTP://36.26.221.164:9999
HTTP,HTTP://222.189.190.146:9999
HTTPS,HTTPS://125.126.203.163:9999
HTTPS,HTTPS://112.87.69.8:9999
HTTPS,HTTPS://175.155.141.211:808
HTTP,HTTP://125.126.219.211:9999
HTTP,HTTP://218.91.112.104:9999
HTTP,HTTP://49.86.181.198:9999
HTTPS,HTTPS://110.52.235.153:9999
HTTPS,HTTPS://125.126.200.117:9999
HTTP,HTTP://183.148.136.149:9999
HTTP,HTTP://119.102.185.85:9999
HTTP,HTTP://119.102.184.173:9999
HTTP,HTTP://119.102.185.72:9999
HTTP,HTTP://119.102.185.138:9999
